<profile version="1.0" is_locked="true">
  <option name="myName" value="Default" />
  <inspection_tool class="Annotator" enabled="false" level="ERROR" enabled_by_default="false" />
  <inspection_tool class="CheckDtdRefs" enabled="false" level="ERROR" enabled_by_default="false" />
  <inspection_tool class="CheckEmptyScriptTag" enabled="false" level="WARNING" enabled_by_default="false" />
  <inspection_tool class="CheckTagEmptyBody" enabled="false" level="WARNING" enabled_by_default="false" />
  <inspection_tool class="CheckValidXmlInScriptTagBody" enabled="false" level="ERROR" enabled_by_default="false" />
  <inspection_tool class="CheckXmlFileWithXercesValidator" enabled="false" level="ERROR" enabled_by_default="false" />
  <inspection_tool class="CommandLineInspection" enabled="true" level="WARNING" enabled_by_default="true" />
  <inspection_tool class="CustomRegExpInspection" enabled="true" level="WARNING" enabled_by_default="true" />
  <inspection_tool class="EmptyDirectory" enabled="false" level="WARNING" enabled_by_default="false" />
  <inspection_tool class="HtmlExtraClosingTag" enabled="false" level="WARNING" enabled_by_default="false" />
  <inspection_tool class="HtmlMissingClosingTag" enabled="false" level="INFORMATION" enabled_by_default="false" />
  <inspection_tool class="HtmlUnknownAnchorTarget" enabled="false" level="WARNING" enabled_by_default="false" />
  <inspection_tool class="HtmlUnknownAttribute" enabled="false" level="WARNING" enabled_by_default="false" />
  <inspection_tool class="HtmlUnknownBooleanAttribute" enabled="false" level="WARNING" enabled_by_default="false" />
  <inspection_tool class="HtmlUnknownTag" enabled="false" level="WARNING" enabled_by_default="false" />
  <inspection_tool class="HtmlUnknownTarget" enabled="false" level="WARNING" enabled_by_default="false" />
  <inspection_tool class="HtmlWrongAttributeValue" enabled="false" level="WARNING" enabled_by_default="false" />
  <inspection_tool class="IgnoreFileDuplicateEntry" enabled="false" level="WARNING" enabled_by_default="false" />
  <inspection_tool class="InconsistentLineSeparators" enabled="false" level="WARNING" enabled_by_default="false" />
  <inspection_tool class="IncorrectFormatting" enabled="false" level="WEAK WARNING" enabled_by_default="false" />
  <inspection_tool class="Json5StandardCompliance" enabled="false" level="ERROR" enabled_by_default="false" />
  <inspection_tool class="JsonDuplicatePropertyKeys" enabled="false" level="WARNING" enabled_by_default="false" />
  <inspection_tool class="JsonSchemaCompliance" enabled="false" level="WARNING" enabled_by_default="false" />
  <inspection_tool class="JsonSchemaDeprecation" enabled="false" level="WEAK WARNING" enabled_by_default="false" />
  <inspection_tool class="JsonSchemaRefReference" enabled="false" level="WARNING" enabled_by_default="false" />
  <inspection_tool class="JsonStandardCompliance" enabled="false" level="ERROR" enabled_by_default="false" />
  <inspection_tool class="LongLine" enabled="false" level="WARNING" enabled_by_default="false" />
  <inspection_tool class="LossyEncoding" enabled="false" level="WARNING" enabled_by_default="false" />
  <inspection_tool class="NonAsciiCharacters" enabled="false" level="WARNING" enabled_by_default="false" />
  <inspection_tool class="PoetryPackageVersionsInspection" enabled="true" level="WARNING" enabled_by_default="true" />
  <inspection_tool class="ProblematicWhitespace" enabled="false" level="WARNING" enabled_by_default="false" />
  <inspection_tool class="PyAbstractClassInspection" enabled="true" level="WEAK WARNING" enabled_by_default="true" />
  <inspection_tool class="PyArgumentEqualDefaultInspection" enabled="false" level="WEAK WARNING" enabled_by_default="false" />
  <inspection_tool class="PyArgumentListInspection" enabled="true" level="WARNING" enabled_by_default="true" />
  <inspection_tool class="PyAssignmentToLoopOrWithParameterInspection" enabled="true" level="WEAK WARNING" enabled_by_default="true" />
  <inspection_tool class="PyAsyncCallInspection" enabled="true" level="WARNING" enabled_by_default="true" />
  <inspection_tool class="PyAttributeOutsideInitInspection" enabled="true" level="WEAK WARNING" enabled_by_default="true" />
  <inspection_tool class="PyAugmentAssignmentInspection" enabled="false" level="WEAK WARNING" enabled_by_default="false" />
  <inspection_tool class="PyBroadExceptionInspection" enabled="true" level="WEAK WARNING" enabled_by_default="true" />
  <inspection_tool class="PyByteLiteralInspection" enabled="true" level="WARNING" enabled_by_default="true" />
  <inspection_tool class="PyCallingNonCallableInspection" enabled="true" level="WARNING" enabled_by_default="true" />
  <inspection_tool class="PyChainedComparisonsInspection" enabled="true" level="WEAK WARNING" enabled_by_default="true" />
  <inspection_tool class="PyClassHasNoInitInspection" enabled="true" level="WEAK WARNING" enabled_by_default="true" />
  <inspection_tool class="PyClassVarInspection" enabled="true" level="WARNING" enabled_by_default="true" />
  <inspection_tool class="PyClassicStyleClassInspection" enabled="false" level="WARNING" enabled_by_default="false" />
  <inspection_tool class="PyComparisonWithNoneInspection" enabled="true" level="WEAK WARNING" enabled_by_default="true" />
  <inspection_tool class="PyCompatibilityInspection" enabled="false" level="WARNING" enabled_by_default="false" />
  <inspection_tool class="PyDataclassInspection" enabled="true" level="WARNING" enabled_by_default="true" />
  <inspection_tool class="PyDecoratorInspection" enabled="true" level="WARNING" enabled_by_default="true" />
  <inspection_tool class="PyDefaultArgumentInspection" enabled="true" level="WARNING" enabled_by_default="true" />
  <inspection_tool class="PyDeprecationInspection" enabled="true" level="WARNING" enabled_by_default="true" />
  <inspection_tool class="PyDictCreationInspection" enabled="true" level="WEAK WARNING" enabled_by_default="true" />
  <inspection_tool class="PyDictDuplicateKeysInspection" enabled="true" level="WARNING" enabled_by_default="true" />
  <inspection_tool class="PyDocstringTypesInspection" enabled="true" level="WEAK WARNING" enabled_by_default="true" />
  <inspection_tool class="PyDunderSlotsInspection" enabled="true" level="WARNING" enabled_by_default="true" />
  <inspection_tool class="PyExceptClausesOrderInspection" enabled="true" level="WARNING" enabled_by_default="true" />
  <inspection_tool class="PyExceptionInheritInspection" enabled="true" level="WARNING" enabled_by_default="true" />
  <inspection_tool class="PyFinalInspection" enabled="true" level="WARNING" enabled_by_default="true" />
  <inspection_tool class="PyFromFutureImportInspection" enabled="true" level="WARNING" enabled_by_default="true" />
  <inspection_tool class="PyGlobalUndefinedInspection" enabled="true" level="WEAK WARNING" enabled_by_default="true" />
  <inspection_tool class="PyInconsistentIndentationInspection" enabled="true" level="WARNING" enabled_by_default="true" />
  <inspection_tool class="PyIncorrectDocstringInspection" enabled="true" level="WEAK WARNING" enabled_by_default="true" />
  <inspection_tool class="PyInitNewSignatureInspection" enabled="true" level="WARNING" enabled_by_default="true" />
  <inspection_tool class="PyInterpreterInspection" enabled="true" level="WARNING" enabled_by_default="true" />
  <inspection_tool class="PyListCreationInspection" enabled="true" level="WEAK WARNING" enabled_by_default="true" />
  <inspection_tool class="PyMandatoryEncodingInspection" enabled="false" level="WARNING" enabled_by_default="false" />
  <inspection_tool class="PyMethodFirstArgAssignmentInspection" enabled="true" level="WARNING" enabled_by_default="true" />
  <inspection_tool class="PyMethodMayBeStaticInspection" enabled="true" level="WEAK WARNING" enabled_by_default="true" />
  <inspection_tool class="PyMethodOverridingInspection" enabled="true" level="WARNING" enabled_by_default="true" />
  <inspection_tool class="PyMethodParametersInspection" enabled="true" level="WEAK WARNING" enabled_by_default="true" />
  <inspection_tool class="PyMissingConstructorInspection" enabled="true" level="WARNING" enabled_by_default="true" />
  <inspection_tool class="PyMissingOrEmptyDocstringInspection" enabled="false" level="WEAK WARNING" enabled_by_default="false" />
  <inspection_tool class="PyMissingTypeHintsInspection" enabled="false" level="WEAK WARNING" enabled_by_default="false" />
  <inspection_tool class="PyNamedTupleInspection" enabled="true" level="WARNING" enabled_by_default="true" />
  <inspection_tool class="PyNestedDecoratorsInspection" enabled="true" level="WEAK WARNING" enabled_by_default="true" />
  <inspection_tool class="PyNewStyleGenericSyntaxInspection" enabled="true" level="WARNING" enabled_by_default="true" />
  <inspection_tool class="PyNonAsciiCharInspection" enabled="true" level="WARNING" enabled_by_default="true" />
  <inspection_tool class="PyNoneFunctionAssignmentInspection" enabled="true" level="WEAK WARNING" enabled_by_default="true" />
  <inspection_tool class="PyOldStyleClassesInspection" enabled="true" level="WARNING" enabled_by_default="true" />
  <inspection_tool class="PyOverloadsInspection" enabled="true" level="WARNING" enabled_by_default="true" />
  <inspection_tool class="PyOverridesInspection" enabled="true" level="WARNING" enabled_by_default="true" />
  <inspection_tool class="PyPackageRequirementsInspection" enabled="true" level="WARNING" enabled_by_default="true">
    <option name="ignoredPackages">
      <value>
        <list size="0" />
      </value>
    </option>
  </inspection_tool>
  <inspection_tool class="PyPandasSeriesToListInspection" enabled="true" level="WARNING" enabled_by_default="true" />
  <inspection_tool class="PyPep8Inspection" enabled="true" level="WEAK WARNING" enabled_by_default="true" />
  <inspection_tool class="PyPep8NamingInspection" enabled="true" level="WEAK WARNING" enabled_by_default="true" />
  <inspection_tool class="PyPropertyAccessInspection" enabled="true" level="WARNING" enabled_by_default="true" />
  <inspection_tool class="PyPropertyDefinitionInspection" enabled="true" level="WARNING" enabled_by_default="true" />
  <inspection_tool class="PyProtectedMemberInspection" enabled="true" level="WEAK WARNING" enabled_by_default="true" />
  <inspection_tool class="PyProtocolInspection" enabled="true" level="WARNING" enabled_by_default="true" />
  <inspection_tool class="PyRedeclarationInspection" enabled="true" level="WARNING" enabled_by_default="true" />
  <inspection_tool class="PyRedundantParenthesesInspection" enabled="true" level="WEAK WARNING" enabled_by_default="true" />
  <inspection_tool class="PyRelativeImportInspection" enabled="true" level="WEAK WARNING" enabled_by_default="true" />
  <inspection_tool class="PyReturnFromInitInspection" enabled="true" level="WARNING" enabled_by_default="true" />
  <inspection_tool class="PySetFunctionToLiteralInspection" enabled="true" level="WARNING" enabled_by_default="true" />
  <inspection_tool class="PyShadowingBuiltinsInspection" enabled="true" level="WEAK WARNING" enabled_by_default="true" />
  <inspection_tool class="PyShadowingNamesInspection" enabled="true" level="WEAK WARNING" enabled_by_default="true" />
  <inspection_tool class="PySimplifyBooleanCheckInspection" enabled="true" level="WEAK WARNING" enabled_by_default="true" />
  <inspection_tool class="PySingleQuotedDocstringInspection" enabled="true" level="WEAK WARNING" enabled_by_default="true" />
  <inspection_tool class="PyStatementEffectInspection" enabled="true" level="WARNING" enabled_by_default="true" />
  <inspection_tool class="PyStringFormatInspection" enabled="true" level="WARNING" enabled_by_default="true" />
  <inspection_tool class="PyStubPackagesAdvertiser" enabled="true" level="WARNING" enabled_by_default="true" />
  <inspection_tool class="PyStubPackagesCompatibilityInspection" enabled="true" level="WARNING" enabled_by_default="true" />
  <inspection_tool class="PySuperArgumentsInspection" enabled="true" level="WARNING" enabled_by_default="true" />
  <inspection_tool class="PyTestParametrizedInspection" enabled="true" level="WARNING" enabled_by_default="true" />
  <inspection_tool class="PyTestUnpassedFixtureInspection" enabled="true" level="WARNING" enabled_by_default="true" />
  <inspection_tool class="PyTrailingSemicolonInspection" enabled="true" level="WARNING" enabled_by_default="true" />
  <inspection_tool class="PyTupleAssignmentBalanceInspection" enabled="true" level="WARNING" enabled_by_default="true" />
  <inspection_tool class="PyTupleItemAssignmentInspection" enabled="true" level="WARNING" enabled_by_default="true" />
  <inspection_tool class="PyTypeCheckerInspection" enabled="true" level="WARNING" enabled_by_default="true" />
  <inspection_tool class="PyTypeHintsInspection" enabled="true" level="WARNING" enabled_by_default="true" />
  <inspection_tool class="PyTypedDictInspection" enabled="true" level="WARNING" enabled_by_default="true" />
  <inspection_tool class="PyUnboundLocalVariableInspection" enabled="true" level="WARNING" enabled_by_default="true" />
  <inspection_tool class="PyUnnecessaryBackslashInspection" enabled="true" level="WARNING" enabled_by_default="true" />
  <inspection_tool class="PyUnreachableCodeInspection" enabled="true" level="WARNING" enabled_by_default="true" />
  <inspection_tool class="PyUnresolvedReferencesInspection" enabled="true" level="WARNING" enabled_by_default="true" />
  <inspection_tool class="PyUnusedLocalInspection" enabled="true" level="WEAK WARNING" enabled_by_default="true" />
  <inspection_tool class="ReassignedToPlainText" enabled="false" level="WARNING" enabled_by_default="false" />
  <inspection_tool class="RedundantSuppression" enabled="false" level="WARNING" enabled_by_default="false" />
  <inspection_tool class="RegExpAnonymousGroup" enabled="false" level="WARNING" enabled_by_default="false" />
  <inspection_tool class="RegExpDuplicateAlternationBranch" enabled="false" level="WARNING" enabled_by_default="false" />
  <inspection_tool class="RegExpDuplicateCharacterInClass" enabled="false" level="WARNING" enabled_by_default="false" />
  <inspection_tool class="RegExpEmptyAlternationBranch" enabled="false" level="WARNING" enabled_by_default="false" />
  <inspection_tool class="RegExpEscapedMetaCharacter" enabled="false" level="INFORMATION" enabled_by_default="false" />
  <inspection_tool class="RegExpOctalEscape" enabled="false" level="INFORMATION" enabled_by_default="false" />
  <inspection_tool class="RegExpRedundantClassElement" enabled="false" level="WEAK WARNING" enabled_by_default="false" />
  <inspection_tool class="RegExpRedundantEscape" enabled="true" level="WARNING" enabled_by_default="true" />
  <inspection_tool class="RegExpRedundantNestedCharacterClass" enabled="false" level="WARNING" enabled_by_default="false" />
  <inspection_tool class="RegExpRepeatedSpace" enabled="false" level="WARNING" enabled_by_default="false" />
  <inspection_tool class="RegExpSimplifiable" enabled="false" level="WEAK WARNING" enabled_by_default="false" />
  <inspection_tool class="RegExpSingleCharAlternation" enabled="false" level="WARNING" enabled_by_default="false" />
  <inspection_tool class="RegExpSuspiciousBackref" enabled="false" level="WARNING" enabled_by_default="false" />
  <inspection_tool class="RegExpUnexpectedAnchor" enabled="false" level="WARNING" enabled_by_default="false" />
  <inspection_tool class="RegExpUnnecessaryNonCapturingGroup" enabled="false" level="WARNING" enabled_by_default="false" />
  <inspection_tool class="RequiredAttributes" enabled="false" level="WARNING" enabled_by_default="false" />
  <inspection_tool class="RestRoleInspection" enabled="false" level="WARNING" enabled_by_default="false" />
  <inspection_tool class="ShellCheck" enabled="false" level="ERROR" enabled_by_default="false" />
  <inspection_tool class="SpellCheckingInspection" enabled="false" level="TYPO" enabled_by_default="false" />
  <inspection_tool class="TodoComment" enabled="false" level="WARNING" enabled_by_default="false" />
  <inspection_tool class="TomlUnresolvedReference" enabled="false" level="WARNING" enabled_by_default="false" />
  <inspection_tool class="UnresolvedReference" enabled="false" level="ERROR" enabled_by_default="false" />
  <inspection_tool class="UnsatisfiedRequirementInspection" enabled="false" level="WARNING" enabled_by_default="false" />
  <inspection_tool class="UnusedDefine" enabled="false" level="WARNING" enabled_by_default="false" />
  <inspection_tool class="XmlDefaultAttributeValue" enabled="false" level="WARNING" enabled_by_default="false" />
  <inspection_tool class="XmlDeprecatedElement" enabled="false" level="WARNING" enabled_by_default="false" />
  <inspection_tool class="XmlDuplicatedId" enabled="false" level="ERROR" enabled_by_default="false" />
  <inspection_tool class="XmlHighlighting" enabled="false" level="ERROR" enabled_by_default="false" />
  <inspection_tool class="XmlInvalidId" enabled="false" level="ERROR" enabled_by_default="false" />
  <inspection_tool class="XmlPathReference" enabled="false" level="ERROR" enabled_by_default="false" />
  <inspection_tool class="XmlUnboundNsPrefix" enabled="false" level="WARNING" enabled_by_default="false" />
  <inspection_tool class="XmlUnresolvedReference" enabled="false" level="ERROR" enabled_by_default="false" />
  <inspection_tool class="XmlUnusedNamespaceDeclaration" enabled="false" level="WARNING" enabled_by_default="false" />
  <inspection_tool class="XmlWrongRootElement" enabled="false" level="ERROR" enabled_by_default="false" />
  <inspection_tool class="YAMLDuplicatedKeys" enabled="false" level="ERROR" enabled_by_default="false" />
  <inspection_tool class="YAMLIncompatibleTypes" enabled="false" level="WARNING" enabled_by_default="false" />
  <inspection_tool class="YAMLRecursiveAlias" enabled="false" level="ERROR" enabled_by_default="false" />
  <inspection_tool class="YAMLSchemaDeprecation" enabled="false" level="WEAK WARNING" enabled_by_default="false" />
  <inspection_tool class="YAMLSchemaValidation" enabled="false" level="WARNING" enabled_by_default="false" />
  <inspection_tool class="YAMLUnresolvedAlias" enabled="false" level="ERROR" enabled_by_default="false" />
  <inspection_tool class="YAMLUnusedAnchor" enabled="false" level="WARNING" enabled_by_default="false" />
</profile>