<application>
  <component name="PostfixTemplatesSettings">
    <option name="providerToDisabledTemplates">
      <disabled-templates provider="builtin.python">
        <value>
          <set>
            <option value="com.jetbrains.python.codeInsight.postfix.PyIfPostfixTemplate#.if" />
            <option value="com.jetbrains.python.codeInsight.postfix.PyIsNonePostfixTemplate#.ifn" />
            <option value="com.jetbrains.python.codeInsight.postfix.PyIsNotNonePostfixTemplate#.ifnn" />
            <option value="com.jetbrains.python.codeInsight.postfix.PyMainPostfixTemplate#.main" />
            <option value="com.jetbrains.python.codeInsight.postfix.PyNotPostfixTemplate#.not" />
            <option value="com.jetbrains.python.codeInsight.postfix.PyParenthesizedExpressionPostfixTemplate#.par" />
            <option value="com.jetbrains.python.codeInsight.postfix.PyPrintPostfixTemplate#.print" />
            <option value="com.jetbrains.python.codeInsight.postfix.PyReturnPostfixTemplate#.return" />
            <option value="com.jetbrains.python.codeInsight.postfix.PyWhilePostfixTemplate#.while" />
            <option value="enum" />
            <option value="for" />
            <option value="fore" />
            <option value="iter" />
            <option value="itere" />
            <option value="len" />
          </set>
        </value>
      </disabled-templates>
    </option>
  </component>
</application>