<application>
  <component name="AdvancedSettings">
    <option name="settings">
      <map>
        <entry key="floating.codeToolbar.hide" value="true" />
        <entry key="ide.max.recent.projects" value="10" />
        <entry key="localHistory.daysToKeep" value="0" />
        <entry key="search.everywhere.contributors.wait.timeout" value="1000" />
        <entry key="search.everywhere.wait.for.contributors" value="false" />
        <entry key="terminal.buffer.max.lines.count" value="0" />
      </map>
    </option>
  </component>
</application>
