<application>
  <component name="Go">
    <option name="askConfirmationForShareInPlayground" value="false" />
    <option name="renameCorrespondingTestOrProductionFile" value="YES" />
    <option name="renameDirectoryOnPackageRenaming" value="YES" />
    <option name="renamePackageOnDirectoryRenaming" value="YES" />
    <option name="showAutoImportVariantsInAutoPopup" value="false" />
  </component>
  <component name="GoFoldingSettings">
    <option name="isOneLineReturns" value="false" />
    <option name="isOneLinePanics" value="false" />
    <option name="isOneLineReturnFunctions" value="false" />
    <option name="isOneLineErrorHandlingBlocks" value="false" />
    <option name="isOneLineCaseClauses" value="false" />
  </component>
</application>