<application>
  <component name="GeneralSettings">
    <option name="showTipsOnStartup" value="false" />
    <option name="reopenLastProject" value="false" />
    <option name="backgroundSyncFiles" value="false" />
    <option name="autoSaveFiles" value="false" />
    <option name="autoSaveIfInactive" value="true" />
    <option name="isUseSafeWrite" value="false" />
    <option name="confirmExit" value="false" />
    <option name="confirmOpenNewProject2" value="0" />
    <option name="processCloseConfirmation" value="TERMINATE" />
    <option name="inactiveTimeout" value="30" />
  </component>
  <component name="Registry">
    <entry key="suggest.all.run.configurations.from.context" value="true" />
    <entry key="go.run.processes.with.pty" value="false" />
  </component>
</application>