<application>
  <component name="IntentionManagerSettings">
    <ignoreAction name="Choose template data language/Template language settings" />
    <ignoreAction name="Go/Add dot import alias" />
    <ignoreAction name="Go/Add format string argument" />
    <ignoreAction name="Go/Add import alias" />
    <ignoreAction name="Go/Add key to tags" />
    <ignoreAction name="Go/Change field name style in tags" />
    <ignoreAction name="Go/Convert to short var declaration" />
    <ignoreAction name="Go/Convert to var declaration" />
    <ignoreAction name="Go/Exclude string formatting function" />
    <ignoreAction name="Go/Expand signature types" />
    <ignoreAction name="Go/Export" />
    <ignoreAction name="Go/Fill all fields" />
    <ignoreAction name="Go/Fill all fields recursively" />
    <ignoreAction name="Go/Fill fields…" />
    <ignoreAction name="Go/Fill paragraph" />
    <ignoreAction name="Go/Flip binary operator" />
    <ignoreAction name="Go/Generate constructor" />
    <ignoreAction name="Go/Generate getter" />
    <ignoreAction name="Go/Generate getter and setter" />
    <ignoreAction name="Go/Generate method" />
    <ignoreAction name="Go/Generate setter" />
    <ignoreAction name="Go/Generate struct fields from JSON" />
    <ignoreAction name="Go/Generate type from JSON" />
    <ignoreAction name="Go/Go to implementations" />
    <ignoreAction name="Go/Go to interface" />
    <ignoreAction name="Go/Implement interface" />
    <ignoreAction name="Go/Invert if" />
    <ignoreAction name="Go/Mark as string formatting function" />
    <ignoreAction name="Go/Migrate function parameter to method receiver" />
    <ignoreAction name="Go/Move field assignment to struct initialization" />
    <ignoreAction name="Go/Negate expression" />
    <ignoreAction name="Go/Negate expression recursively" />
    <ignoreAction name="Go/Negate topmost expression" />
    <ignoreAction name="Go/Negate topmost expression recursively" />
    <ignoreAction name="Go/Remove dot import alias" />
    <ignoreAction name="Go/Remove keys from struct literal" />
    <ignoreAction name="Go/Reuse signature types" />
    <ignoreAction name="Go/Run go generate on comment" />
    <ignoreAction name="Go/Run go generate on file" />
    <ignoreAction name="Go/Run go generate on package" />
    <ignoreAction name="Go/Specify type explicitly" />
    <ignoreAction name="Go/Update key value in tags" />
    <ignoreAction name="Go/Declarations/Add parens to declaration" />
    <ignoreAction name="Go/Declarations/Merge all declarations" />
    <ignoreAction name="Go/Declarations/Merge declaration up" />
    <ignoreAction name="Go/Declarations/Merge declaration up via comma" />
    <ignoreAction name="Go/Declarations/Remove parens from declaration" />
    <ignoreAction name="Go/Declarations/Split all declarations" />
    <ignoreAction name="Go/Declarations/Split declarations by comma" />
    <ignoreAction name="Go/Declarations/Split declarations into two groups" />
    <ignoreAction name="Go modules/Update…" />
    <ignoreAction name="Language injection/Edit injected fragment" />
    <ignoreAction name="LightEdit mode/Open file in project..." />
    <ignoreAction name="LSP/Apply code action" />
    <ignoreAction name="Microservices/Open in web browser" />
    <ignoreAction name="Other/Convert absolute path to relative" />
    <ignoreAction name="Other/Convert relative path to absolute" />
    <ignoreAction name="Other/Create new scratch file from selection" />
    <ignoreAction name="Other/Flip comma" />
    <ignoreAction name="Other/Put elements on multiple lines" />
    <ignoreAction name="Other/Put elements on one line" />
    <ignoreAction name="RegExp/Check RegExp" />
    <ignoreAction name="Shell script/Explain shell" />
    <ignoreAction name="Shell script/Rename all occurrences" />
    <ignoreAction name="XML/Add 'xsi:schemaLocation' attribute" />
    <ignoreAction name="XML/Choose color" />
    <ignoreAction name="XML/Collapse empty tag" />
    <ignoreAction name="XML/Convert CDATA to text" />
    <ignoreAction name="XML/Convert text to CDATA" />
    <ignoreAction name="XML/Fetch external resource" />
    <ignoreAction name="XML/Insert namespace prefix" />
    <ignoreAction name="XML/Manually set up external resource" />
    <ignoreAction name="XML/Rearrange tag attributes" />
    <ignoreAction name="XML/Remove attribute" />
    <ignoreAction name="XML/Remove tag (preserves children)" />
    <ignoreAction name="XML/Reset to default namespace" />
    <ignoreAction name="XML/Split current tag" />
    <ignoreAction name="YAML/Expand all collections inside" />
    <ignoreAction name="YAML/Expand collection" />
    <ignoreAction name="YAML/Inline collection" />
    <ignoreAction name="YAML/Missing optional properties" />
    <ignoreAction name="JSON/Missing optional properties" />
    <ignoreAction name="JSON/Sort properties alphabetically" />
    <ignoreAction name="Go/从 JSON 生成类型" />
    <ignoreAction name="Go/从 JSON 生成结构字段" />
    <ignoreAction name="Go/从结构文本中移除键" />
    <ignoreAction name="Go/创建 Getter" />
    <ignoreAction name="Go/创建 Setter" />
    <ignoreAction name="Go/创建构造函数" />
    <ignoreAction name="Go/反转 if" />
    <ignoreAction name="Go/向标记添加键" />
    <ignoreAction name="Go/在文件上运行 go generate" />
    <ignoreAction name="Go/在注释上运行 go generate" />
    <ignoreAction name="Go/在软件包上运行 go generate" />
    <ignoreAction name="Go/填充字段…" />
    <ignoreAction name="Go/填充所有字段" />
    <ignoreAction name="Go/填充段落" />
    <ignoreAction name="Go/实现接口" />
    <ignoreAction name="Go/导出" />
    <ignoreAction name="Go/将函数形参迁移到方法接收器" />
    <ignoreAction name="Go/将字段赋值移至结构初始化" />
    <ignoreAction name="Go/展开签名类型" />
    <ignoreAction name="Go/排除字符串格式设置函数" />
    <ignoreAction name="Go/明确地指定类型" />
    <ignoreAction name="Go/更改标记中的字段名称样式" />
    <ignoreAction name="Go/更新标记中的键值" />
    <ignoreAction name="Go/标记为字符串格式设置函数" />
    <ignoreAction name="Go/求反最顶端的表达式" />
    <ignoreAction name="Go/求反最顶端的表达式 递归" />
    <ignoreAction name="Go/求反表达式" />
    <ignoreAction name="Go/求反表达式 递归" />
    <ignoreAction name="Go/添加导入别名" />
    <ignoreAction name="Go/添加格式字符串实参" />
    <ignoreAction name="Go/添加点导入别名" />
    <ignoreAction name="Go/生成 getter 和 setter" />
    <ignoreAction name="Go/生成方法" />
    <ignoreAction name="Go/移除点导入别名" />
    <ignoreAction name="Go/翻转二元运算符" />
    <ignoreAction name="Go/转到实现" />
    <ignoreAction name="Go/转到接口" />
    <ignoreAction name="Go/转换为变量声明" />
    <ignoreAction name="Go/转换为短变量声明" />
    <ignoreAction name="Go/递归填充所有字段" />
    <ignoreAction name="Go/重用签名类型" />
    <ignoreAction name="Go/声明/从声明中移除圆括号" />
    <ignoreAction name="Go/声明/合并所有声明" />
    <ignoreAction name="Go/声明/向上合并声明" />
    <ignoreAction name="Go/声明/向声明添加圆括号" />
    <ignoreAction name="Go/声明/将声明拆分为两个组" />
    <ignoreAction name="Go/声明/拆分所有声明" />
    <ignoreAction name="Go/声明/通过逗号向上合并声明" />
    <ignoreAction name="Go/声明/通过逗号拆分声明" />
    <ignoreAction name="Go 模块/更新…" />
    <ignoreAction name="JSON/按字母顺序对属性排序" />
    <ignoreAction name="JSON/缺少可选属性" />
    <ignoreAction name="LightEdit 模式/在项目中打开文件…" />
    <ignoreAction name="LSP/应用代码操作" />
    <ignoreAction name="Shell 脚本/解释 shell" />
    <ignoreAction name="Shell 脚本/重命名所有匹配项" />
    <ignoreAction name="XML/将 CDATA 转换为文本" />
    <ignoreAction name="XML/将文本转换为 CDATA" />
    <ignoreAction name="XML/手动设置外部资源" />
    <ignoreAction name="XML/拆分当前标记" />
    <ignoreAction name="XML/提取外部资源" />
    <ignoreAction name="XML/插入命名空间前缀" />
    <ignoreAction name="XML/收起空标记" />
    <ignoreAction name="XML/添加 'xsi:schemaLocation' 特性" />
    <ignoreAction name="XML/移除标记(保留子级)" />
    <ignoreAction name="XML/移除特性" />
    <ignoreAction name="XML/选择颜色" />
    <ignoreAction name="XML/重新排列标记特性" />
    <ignoreAction name="XML/重置为默认命名空间" />
    <ignoreAction name="YAML/内联集合" />
    <ignoreAction name="YAML/展开内部的所有集合" />
    <ignoreAction name="YAML/展开集合" />
    <ignoreAction name="YAML/缺少可选属性" />
    <ignoreAction name="其他/从选区创建新的临时文件" />
    <ignoreAction name="其他/将元素放在同一行中" />
    <ignoreAction name="其他/将元素放在多行中" />
    <ignoreAction name="其他/将相对路径转换为绝对路径" />
    <ignoreAction name="其他/将绝对路径转换为相对路径" />
    <ignoreAction name="其他/翻转逗号" />
    <ignoreAction name="微服务/在 Web 浏览器中打开" />
    <ignoreAction name="正则表达式/检查正则表达式" />
    <ignoreAction name="语言注入/编辑注入的片段" />
    <ignoreAction name="选择模板数据语言/模板语言设置" />
  </component>
</application>