<application>
  <component name="ProjectManager">
    <defaultProject>
      <component name="CommitMessageInspectionProfile">
        <profile version="1.0">
          <inspection_tool class="CommitMessageSpellChecking" enabled="false" level="TYPO" enabled_by_default="false" />
        </profile>
      </component>
      <component name="GOROOT" url="file://D:/local/go" />
      <component name="Git.Settings">
        <option name="WARN_ABOUT_LARGE_FILES_LIMIT_MB" value="8" />
      </component>
      <component name="GoLibraries">
        <option name="indexEntireGoPath" value="true" />
      </component>
      <component name="GoVcsConfiguration">
        <option name="GO_FMT" value="false" />
      </component>
      <component name="InspectionProjectProfileManager">
        <profile version="1.0">
          <option name="myName" value="Project Default" />
        </profile>
        <option name="PROJECT_PROFILE" value="Default" />
        <option name="USE_PROJECT_PROFILE" value="false" />
        <version value="1.0" />
      </component>
      <component name="ProjectInspectionProfilesVisibleTreeState">
        <entry key="Project Default">
          <profile-state>
            <selected-state>
              <State>
                <id>用户定义</id>
              </State>
            </selected-state>
          </profile-state>
        </entry>
      </component>
      <component name="ProjectLevelVcsManager">
        <ConfirmationsSetting value="2" id="Add" />
        <ConfirmationsSetting value="2" id="Remove" />
      </component>
      <component name="ProjectTasksOptions">
        <enabled-global>
          <option value="goimports" />
        </enabled-global>
      </component>
      <component name="PropertiesComponent">{
  &quot;keyToString&quot;: {
    &quot;go.import.settings.migrated&quot;: &quot;true&quot;,
    &quot;settings.editor.selected.configurable&quot;: &quot;preferences.keymap&quot;
  }
}</component>
      <component name="ReaderModeSettings">
        <option name="enabled" value="false" />
      </component>
      <component name="VcsManagerConfiguration">
        <option name="CHECK_CODE_SMELLS_BEFORE_PROJECT_COMMIT" value="false" />
        <option name="MAXIMUM_HISTORY_ROWS" value="100" />
      </component>
      <component name="VgoProject">
        <auto-vendoring-mode>false</auto-vendoring-mode>
        <environment>
          <map>
            <entry key="GOPROXY" value="https://goproxy.io,direct" />
          </map>
        </environment>
      </component>
      <component name="WindowStateProjectService">
        <state x="678" y="198" key="EditFileWatcherDialog" timestamp="1724033445777">
          <screen x="0" y="0" width="1920" height="1050" />
        </state>
        <state x="678" y="198" key="EditFileWatcherDialog/0.0.1920.1050" timestamp="1724033445777" />
        <state x="491" y="100" key="SettingsEditor" timestamp="1730105191336">
          <screen x="0" y="0" width="1920" height="1050" />
        </state>
        <state x="491" y="100" key="SettingsEditor/0.0.1920.1050" timestamp="1730105191336" />
      </component>
      <component name="masterDetails">
        <states>
          <state key="ScopeChooserConfigurable.UI">
            <settings>
              <splitter-proportions>
                <option name="proportions">
                  <list>
                    <option value="0.2" />
                  </list>
                </option>
              </splitter-proportions>
            </settings>
          </state>
        </states>
      </component>
    </defaultProject>
  </component>
</application>