<application>
  <component name="IntentionManagerSettings">
    <ignoreAction name="C#/Send to C# Interactive" />
    <ignoreAction name="Choose template data language/Template language settings" />
    <ignoreAction name="JSON/Missing optional properties" />
    <ignoreAction name="JSON/Sort properties alphabetically" />
    <ignoreAction name="LSP/Apply code action" />
    <ignoreAction name="Language injection/Edit injected fragment" />
    <ignoreAction name="LightEdit mode/Open file in project..." />
    <ignoreAction name="Microservices/Open in web browser" />
    <ignoreAction name="Other/Convert absolute path to relative" />
    <ignoreAction name="Other/Convert relative path to absolute" />
    <ignoreAction name="Other/Create new scratch file from selection" />
    <ignoreAction name="Other/Flip comma" />
    <ignoreAction name="Other/Put elements on multiple lines" />
    <ignoreAction name="Other/Put elements on one line" />
    <ignoreAction name="RegExp/Check RegExp" />
    <ignoreAction name="Shell script/Explain shell" />
    <ignoreAction name="Shell script/Rename all occurrences" />
    <ignoreAction name="XML/Add 'xsi:schemaLocation' attribute" />
    <ignoreAction name="XML/Choose color" />
    <ignoreAction name="XML/Collapse empty tag" />
    <ignoreAction name="XML/Convert CDATA to text" />
    <ignoreAction name="XML/Convert text to CDATA" />
    <ignoreAction name="XML/Fetch external resource" />
    <ignoreAction name="XML/Insert namespace prefix" />
    <ignoreAction name="XML/Manually set up external resource" />
    <ignoreAction name="XML/Rearrange tag attributes" />
    <ignoreAction name="XML/Remove attribute" />
    <ignoreAction name="XML/Remove tag (preserves children)" />
    <ignoreAction name="XML/Reset to default namespace" />
    <ignoreAction name="XML/Split current tag" />
    <ignoreAction name="YAML/Expand all collections inside" />
    <ignoreAction name="YAML/Expand collection" />
    <ignoreAction name="YAML/Inline collection" />
    <ignoreAction name="YAML/Missing optional properties" />
    <ignoreAction name="C#/发送到 C# Interactive" />
    <ignoreAction name="JSON/缺少可选属性" />
    <ignoreAction name="LSP/应用代码操作" />
    <ignoreAction name="LightEdit 模式/在项目中打开文件…" />
    <ignoreAction name="Shell 脚本/解释 shell" />
    <ignoreAction name="Shell 脚本/重命名所有匹配项" />
    <ignoreAction name="XML/将 CDATA 转换为文本" />
    <ignoreAction name="XML/将文本转换为 CDATA" />
    <ignoreAction name="XML/手动设置外部资源" />
    <ignoreAction name="XML/拆分当前标记" />
    <ignoreAction name="XML/提取外部资源" />
    <ignoreAction name="XML/插入命名空间前缀" />
    <ignoreAction name="XML/收起空标记" />
    <ignoreAction name="XML/添加 'xsi:schemaLocation' 特性" />
    <ignoreAction name="XML/移除标记(保留子级)" />
    <ignoreAction name="XML/移除特性" />
    <ignoreAction name="XML/选择颜色" />
    <ignoreAction name="XML/重新排列标记特性" />
    <ignoreAction name="XML/重置为默认命名空间" />
    <ignoreAction name="YAML/内联集合" />
    <ignoreAction name="YAML/展开内部的所有集合" />
    <ignoreAction name="YAML/展开集合" />
    <ignoreAction name="YAML/缺少可选属性" />
    <ignoreAction name="其他/从选区创建新的临时文件" />
    <ignoreAction name="其他/将元素放在同一行中" />
    <ignoreAction name="其他/将元素放在多行中" />
    <ignoreAction name="其他/将相对路径转换为绝对路径" />
    <ignoreAction name="其他/将绝对路径转换为相对路径" />
    <ignoreAction name="其他/翻转逗号" />
    <ignoreAction name="微服务/在 Web 浏览器中打开" />
    <ignoreAction name="正则表达式/检查正则表达式" />
    <ignoreAction name="语言注入/编辑注入的片段" />
    <ignoreAction name="选择模板数据语言/模板语言设置" />
  </component>
</application>