<application>
  <component name="ProjectManager">
    <defaultProject>
      <component name="CommitMessageInspectionProfile">
        <profile version="1.0">
          <inspection_tool class="CommitMessageSpellChecking" enabled="false" level="TYPO" enabled_by_default="false" />
        </profile>
      </component>
      <component name="Encoding" addBOMForNewFiles="with BOM under Windows, with no BOM otherwise">
        <file url="PROJECT" charset="UTF-8" />
      </component>
      <component name="InspectionProjectProfileManager">
        <option name="PROJECT_PROFILE" value="Default" />
        <option name="USE_PROJECT_PROFILE" value="false" />
        <version value="1.0" />
      </component>
      <component name="MetaFilesCheckinStateConfiguration" checkMetaFiles="true" />
      <component name="ProjectDictionaryState">
        <dictionary name="sun" />
      </component>
      <component name="ProjectInspectionProfilesVisibleTreeState">
        <entry key="Project Default">
          <profile-state>
            <selected-state>
              <State>
                <id>User defined</id>
              </State>
            </selected-state>
          </profile-state>
        </entry>
      </component>
      <component name="ProjectLevelVcsManager">
        <ConfirmationsSetting value="2" id="Add" />
        <ConfirmationsSetting value="2" id="Remove" />
      </component>
      <component name="PropertiesComponent"><![CDATA[{
  "keyToString": {
    "settings.editor.selected.configurable": "rsyncConfigurable"
  }
}]]></component>
      <component name="UnityCheckinConfiguration" checkUnsavedScenes="true" />
      <component name="VcsManagerConfiguration">
        <option name="ADD_EXTERNAL_FILES_SILENTLY" value="true" />
        <option name="MAXIMUM_HISTORY_ROWS" value="100" />
      </component>
      <component name="WindowStateProjectService">
        <state x="536" y="271" width="724" height="530" key="Edit.Constant fields (not private)" timestamp="1728715534043">
          <screen x="0" y="0" width="1920" height="1050" />
        </state>
        <state x="536" y="271" width="724" height="530" key="Edit.Constant fields (not private)/0.0.1920.1050" timestamp="1728715534043" />
        <state x="546" y="294" width="724" height="530" key="Edit.Constant fields (private)" timestamp="1728715538556">
          <screen x="0" y="0" width="1920" height="1050" />
        </state>
        <state x="546" y="294" width="724" height="530" key="Edit.Constant fields (private)/0.0.1920.1050" timestamp="1728715538556" />
        <state x="595" y="294" width="724" height="530" key="Edit.Events" timestamp="1728715599157">
          <screen x="0" y="0" width="1920" height="1050" />
        </state>
        <state x="595" y="294" width="724" height="530" key="Edit.Events/0.0.1920.1050" timestamp="1728715599157" />
        <state x="546" y="294" width="724" height="530" key="Edit.Instance fields (not private)" timestamp="1728715507116">
          <screen x="0" y="0" width="1920" height="1050" />
        </state>
        <state x="546" y="294" width="724" height="530" key="Edit.Instance fields (not private)/0.0.1920.1050" timestamp="1728715507116" />
        <state x="793" y="294" width="724" height="530" key="Edit.Instance fields (private)" timestamp="1728715510427">
          <screen x="0" y="0" width="1920" height="1050" />
        </state>
        <state x="793" y="294" width="724" height="530" key="Edit.Instance fields (private)/0.0.1920.1050" timestamp="1728715510427" />
        <state x="546" y="298" width="724" height="530" key="Edit.Properties" timestamp="1728715611031">
          <screen x="0" y="0" width="1920" height="1050" />
        </state>
        <state x="546" y="298" width="724" height="530" key="Edit.Properties/0.0.1920.1050" timestamp="1728715611031" />
        <state x="536" y="271" width="724" height="530" key="Edit.Static fields (not private)" timestamp="1728715515988">
          <screen x="0" y="0" width="1920" height="1050" />
        </state>
        <state x="536" y="271" width="724" height="530" key="Edit.Static fields (not private)/0.0.1920.1050" timestamp="1728715515988" />
        <state x="793" y="294" width="724" height="530" key="Edit.Static fields (private)" timestamp="1728713056689">
          <screen x="0" y="0" width="1920" height="1050" />
        </state>
        <state x="793" y="294" width="724" height="530" key="Edit.Static fields (private)/0.0.1920.1050" timestamp="1728713056689" />
        <state x="795" y="207" key="EditAbbreviations.Dialog" timestamp="1728698387042">
          <screen x="0" y="0" width="1920" height="1050" />
        </state>
        <state x="795" y="207" key="EditAbbreviations.Dialog/0.0.1920.1050" timestamp="1728698387042" />
        <state x="162" y="14" width="1473" height="975" key="SettingsEditor" timestamp="1728721294959">
          <screen x="0" y="0" width="1920" height="1050" />
        </state>
        <state x="162" y="14" width="1473" height="975" key="SettingsEditor/0.0.1920.1050" timestamp="1728721294959" />
      </component>
      <component name="masterDetails">
        <states>
          <state key="ScopeChooserConfigurable.UI">
            <settings>
              <splitter-proportions>
                <option name="proportions">
                  <list>
                    <option value="0.2" />
                  </list>
                </option>
              </splitter-proportions>
            </settings>
          </state>
        </states>
      </component>
    </defaultProject>
  </component>
</application>