<code_scheme name="Default" version="173">
  <option name="AUTODETECT_INDENTS" value="false" />
  <option name="LINE_SEPARATOR" value="&#10;" />
  <option name="RIGHT_MARGIN" value="256" />
  <SqlCodeStyleSettings version="7">
    <option name="KEYWORD_CASE" value="1" />
    <option name="IDENTIFIER_CASE" value="1" />
    <option name="TYPE_CASE" value="4" />
    <option name="ALIAS_CASE" value="4" />
    <option name="BUILT_IN_CASE" value="4" />
    <option name="QUOTED_IDENTIFIER_CASE" value="1" />
    <option name="QUERY_SECTION_1ST_WORD_ALIGN" value="2" />
    <option name="QUERY_EL_LINE" value="101" />
    <option name="QUERY_EL_COMMA" value="2" />
    <option name="QUERY_IN_ONE_STRING" value="3" />
    <option name="QUERY_ALIGN_ELEMENTS" value="false" />
    <option name="SUBQUERY_OPENING" value="1" />
    <option name="SUBQUERY_CONTENT" value="1" />
    <option name="SUBQUERY_CLOSING" value="1" />
    <option name="SUBQUERY_PAR_SPACE_BEFORE" value="1" />
    <option name="INSERT_INTO_NL" value="1" />
    <option name="INSERT_EL_WRAP" value="2" />
    <option name="SET_EL_WRAP" value="2" />
    <option name="SET_ALIGN_EQUAL_SIGN" value="false" />
    <option name="SELECT_EL_LINE" value="101" />
    <option name="SELECT_USE_AS_WORD" value="1" />
    <option name="SELECT_ALIGN_AS" value="false" />
    <option name="FROM_EL_WRAP" value="2" />
    <option name="FROM_ONLY_JOIN_INDENT" value="1" />
    <option name="WHERE_EL_WRAP" value="2" />
    <option name="ORDER_EL_WRAP" value="2" />
    <option name="TABLE_ALTER_ITEM_WRAP" value="2" />
    <option name="TABLE_ALTER_ITEM_ALIGN" value="false" />
  </SqlCodeStyleSettings>
  <codeStyleSettings language="SQL">
    <indentOptions>
      <option name="INDENT_SIZE" value="2" />
      <option name="CONTINUATION_INDENT_SIZE" value="2" />
      <option name="TAB_SIZE" value="2" />
    </indentOptions>
  </codeStyleSettings>
</code_scheme>