<application>
  <component name="IntentionManagerSettings">
    <ignoreAction name="Choose template data language/Template language settings" />
    <ignoreAction name="Database/Run query in console" />
    <ignoreAction name="JSON/Missing optional properties" />
    <ignoreAction name="JSON/Sort properties alphabetically" />
    <ignoreAction name="Language injection/Edit injected fragment" />
    <ignoreAction name="LightEdit mode/Open file in project..." />
    <ignoreAction name="LSP/Apply code action" />
    <ignoreAction name="Microservices/Open in web browser" />
    <ignoreAction name="Other/Convert absolute path to relative" />
    <ignoreAction name="Other/Convert relative path to absolute" />
    <ignoreAction name="Other/Create new scratch file from selection" />
    <ignoreAction name="Other/Flip comma" />
    <ignoreAction name="Other/Put elements on multiple lines" />
    <ignoreAction name="Other/Put elements on one line" />
    <ignoreAction name="RegExp/Check RegExp" />
    <ignoreAction name="SQL/Add GROUP BY column to SELECT list" />
    <ignoreAction name="SQL/Convert to subquery" />
    <ignoreAction name="SQL/Expand column list" />
    <ignoreAction name="SQL/Extract subquery as CTE" />
    <ignoreAction name="SQL/Flip expression operands" />
    <ignoreAction name="SQL/Inline CTE" />
    <ignoreAction name="SQL/Inline table alias" />
    <ignoreAction name="SQL/Introduce table alias" />
    <ignoreAction name="SQL/Merge INSERT statements" />
    <ignoreAction name="SQL/Preview delete" />
    <ignoreAction name="SQL/Preview update" />
    <ignoreAction name="SQL/Qualify identifier" />
    <ignoreAction name="SQL/Quote identifier" />
    <ignoreAction name="SQL/Remove column from INSERT statement" />
    <ignoreAction name="SQL/Replace BETWEEN expression with comparisons" />
    <ignoreAction name="SQL/Replace DISTINCT with GROUP BY" />
    <ignoreAction name="SQL/Replace GROUP BY with DISTINCT" />
    <ignoreAction name="SQL/Replace IN expression with equality checks" />
    <ignoreAction name="SQL/Replace NATURAL JOIN with ON clause" />
    <ignoreAction name="SQL/Replace NATURAL JOIN with USING clause" />
    <ignoreAction name="SQL/Replace ON with NATURAL JOIN" />
    <ignoreAction name="SQL/Replace ON with USING" />
    <ignoreAction name="SQL/Replace USING with NATURAL JOIN" />
    <ignoreAction name="SQL/Replace USING with ON" />
    <ignoreAction name="SQL/Replace column name with an ordinal number" />
    <ignoreAction name="SQL/Replace column number with a name" />
    <ignoreAction name="SQL/Replace comparison with BETWEEN expression" />
    <ignoreAction name="SQL/Replace equality checks with IN expression" />
    <ignoreAction name="SQL/Split INSERT statement" />
    <ignoreAction name="SQL/Split string literal" />
    <ignoreAction name="SQL/Store table relation" />
    <ignoreAction name="SQL/Unqualify identifier" />
    <ignoreAction name="SQL/Unquote identifier" />
    <ignoreAction name="XML/Add 'xsi:schemaLocation' attribute" />
    <ignoreAction name="XML/Choose color" />
    <ignoreAction name="XML/Collapse empty tag" />
    <ignoreAction name="XML/Convert CDATA to text" />
    <ignoreAction name="XML/Convert text to CDATA" />
    <ignoreAction name="XML/Fetch external resource" />
    <ignoreAction name="XML/Insert namespace prefix" />
    <ignoreAction name="XML/Manually set up external resource" />
    <ignoreAction name="XML/Rearrange tag attributes" />
    <ignoreAction name="XML/Remove attribute" />
    <ignoreAction name="XML/Remove tag (preserves children)" />
    <ignoreAction name="XML/Reset to default namespace" />
    <ignoreAction name="XML/Split current tag" />
    <ignoreAction name="JSON/按字母顺序对属性排序" />
    <ignoreAction name="JSON/缺少可选属性" />
    <ignoreAction name="LightEdit 模式/在项目中打开文件…" />
    <ignoreAction name="LSP/应用代码操作" />
    <ignoreAction name="SQL/为标识符加引号" />
    <ignoreAction name="SQL/为标识符去除引号" />
    <ignoreAction name="SQL/从 INSERT 语句中移除列" />
    <ignoreAction name="SQL/内联 CTE" />
    <ignoreAction name="SQL/内联表别名" />
    <ignoreAction name="SQL/取消限定标识符" />
    <ignoreAction name="SQL/合并 INSERT 语句" />
    <ignoreAction name="SQL/向 SELECT 列表中添加 GROUP BY 列" />
    <ignoreAction name="SQL/存储表关系" />
    <ignoreAction name="SQL/将 BETWEEN 表达式替换为比较" />
    <ignoreAction name="SQL/将 DISTINCT 替换为 GROUP BY" />
    <ignoreAction name="SQL/将 GROUP BY 替换为 DISTINCT" />
    <ignoreAction name="SQL/将 IN 表达式替换为相等检查" />
    <ignoreAction name="SQL/将 NATURAL JOIN 替换为 ON 子句" />
    <ignoreAction name="SQL/将 NATURAL JOIN 替换为 USING 子句" />
    <ignoreAction name="SQL/将 ON 替换为 NATURAL JOIN" />
    <ignoreAction name="SQL/将 ON 替换为 USING" />
    <ignoreAction name="SQL/将 USING 替换为 NATURAL JOIN" />
    <ignoreAction name="SQL/将 USING 替换为 ON" />
    <ignoreAction name="SQL/将列名替换为序数" />
    <ignoreAction name="SQL/将列编号替换为名称" />
    <ignoreAction name="SQL/将子查询提取为 CTE" />
    <ignoreAction name="SQL/将比较替换为 BETWEEN 表达式" />
    <ignoreAction name="SQL/将相等检查替换为 IN 表达式" />
    <ignoreAction name="SQL/展开列列表" />
    <ignoreAction name="SQL/引入表别名" />
    <ignoreAction name="SQL/拆分 INSERT 语句" />
    <ignoreAction name="SQL/拆分字符串文字" />
    <ignoreAction name="SQL/翻转表达式操作数" />
    <ignoreAction name="SQL/转换为子查询" />
    <ignoreAction name="SQL/限定标识符" />
    <ignoreAction name="SQL/预览删除" />
    <ignoreAction name="SQL/预览更新" />
    <ignoreAction name="XML/将 CDATA 转换为文本" />
    <ignoreAction name="XML/将文本转换为 CDATA" />
    <ignoreAction name="XML/手动设置外部资源" />
    <ignoreAction name="XML/拆分当前标记" />
    <ignoreAction name="XML/提取外部资源" />
    <ignoreAction name="XML/插入命名空间前缀" />
    <ignoreAction name="XML/收起空标记" />
    <ignoreAction name="XML/添加 'xsi:schemaLocation' 特性" />
    <ignoreAction name="XML/移除标记(保留子级)" />
    <ignoreAction name="XML/移除特性" />
    <ignoreAction name="XML/选择颜色" />
    <ignoreAction name="XML/重新排列标记特性" />
    <ignoreAction name="XML/重置为默认命名空间" />
    <ignoreAction name="其他/从选区创建新的临时文件" />
    <ignoreAction name="其他/将元素放在同一行中" />
    <ignoreAction name="其他/将元素放在多行中" />
    <ignoreAction name="其他/将相对路径转换为绝对路径" />
    <ignoreAction name="其他/将绝对路径转换为相对路径" />
    <ignoreAction name="其他/翻转逗号" />
    <ignoreAction name="微服务/在 Web 浏览器中打开" />
    <ignoreAction name="数据库/在控制台中运行查询" />
    <ignoreAction name="正则表达式/检查正则表达式" />
    <ignoreAction name="语言注入/编辑注入的片段" />
    <ignoreAction name="选择模板数据语言/模板语言设置" />
  </component>
</application>