<application>
  <component name="UpdatesConfigurable">
    <option name="CHECK_NEEDED" value="false" />
    <option name="LAST_BUILD_CHECKED" value="DB-241.17011.41" />
    <option name="LAST_TIME_CHECKED" value="1718266684586" />
    <option name="OBSOLETE_CUSTOM_REPOSITORIES_CLEAN_NEEDED" value="false" />
    <option name="PLUGINS_CHECK_NEEDED" value="false" />
    <option name="SHOW_WHATS_NEW_EDITOR" value="false" />
    <option name="WHATS_NEW_SHOWN_FOR" value="241" />
  </component>
</application>